,score_set,roi_name,subj_id,model_layer,model_layer_index,score,alpha
0,test,asts,1,Conv2d-1,0,-0.033307489126252796,100000.0
1,test,asts,1,Conv2d-2,2,-0.00422166273221255,100000.0
2,test,asts,1,Conv2d-3,4,0.04764294990117189,100000.0
3,test,asts,1,Conv2d-4,6,0.04900012099852994,100000.0
4,test,asts,1,Conv2d-5,8,-0.02100733741660173,100000.0
5,test,asts,1,ReLU-1,1,0.021749770235550123,100000.0
6,test,asts,1,ReLU-2,3,0.001975075314314856,10000.0
7,test,asts,1,ReLU-3,5,0.09418452743625863,1000.0
8,test,asts,1,ReLU-4,7,-0.009977536249933147,1000.0
9,test,asts,1,ReLU-5,9,0.05894242733165874,10000.0
10,test,asts,2,Conv2d-1,0,0.039968183834823985,100000.0
11,test,asts,2,Conv2d-2,2,0.04819321126178962,100000.0
12,test,asts,2,Conv2d-3,4,0.08437823002541221,100000.0
13,test,asts,2,Conv2d-4,6,0.041241518249600116,100000.0
14,test,asts,2,Conv2d-5,8,0.00012916624679628897,100000.0
15,test,asts,2,ReLU-1,1,0.04443494887654066,100000.0
16,test,asts,2,ReLU-2,3,0.0022758091318361745,10000.0
17,test,asts,2,ReLU-3,5,0.05530931560980921,1000.0
18,test,asts,2,ReLU-4,7,0.008944413629365447,1000.0
19,test,asts,2,ReLU-5,9,0.09463832881938436,10000.0
20,test,asts,3,Conv2d-1,0,0.03765181427623345,100000.0
21,test,asts,3,Conv2d-2,2,0.05702705979767579,100000.0
22,test,asts,3,Conv2d-3,4,0.05966534866352256,100000.0
23,test,asts,3,Conv2d-4,6,0.016871160082572334,100000.0
24,test,asts,3,Conv2d-5,8,-0.017994309655341312,100000.0
25,test,asts,3,ReLU-1,1,0.03622871984187503,100000.0
26,test,asts,3,ReLU-2,3,0.005480532954904219,10000.0
27,test,asts,3,ReLU-3,5,0.010583879228042024,1000.0
28,test,asts,3,ReLU-4,7,0.0007463624263783386,1000.0
29,test,asts,3,ReLU-5,9,0.014971273280047612,10000.0
30,test,asts,4,Conv2d-1,0,0.005401895289616998,100000.0
31,test,asts,4,Conv2d-2,2,0.005736973977224204,100000.0
32,test,asts,4,Conv2d-3,4,0.037314550787584104,100000.0
33,test,asts,4,Conv2d-4,6,0.058263014896474195,100000.0
34,test,asts,4,Conv2d-5,8,0.04337625599192434,100000.0
35,test,asts,4,ReLU-1,1,0.005120404916459811,100000.0
36,test,asts,4,ReLU-2,3,-0.015350321088627692,10000.0
37,test,asts,4,ReLU-3,5,0.04876029356746781,1000.0
38,test,asts,4,ReLU-4,7,0.01697071519487401,1000.0
39,test,asts,4,ReLU-5,9,0.06748930326214311,10000.0
40,test,eba,1,Conv2d-1,0,-0.001599668840805003,100000.0
41,test,eba,1,Conv2d-2,2,0.06957296622269774,100000.0
42,test,eba,1,Conv2d-3,4,0.0612203302311603,100000.0
43,test,eba,1,Conv2d-4,6,0.07205108691955317,100000.0
44,test,eba,1,Conv2d-5,8,0.11821823406122525,100000.0
45,test,eba,1,ReLU-1,1,0.040704982699233186,100000.0
46,test,eba,1,ReLU-2,3,0.08365229953470565,10000.0
47,test,eba,1,ReLU-3,5,0.0893876399685581,1000.0
48,test,eba,1,ReLU-4,7,0.10608541181287028,1000.0
49,test,eba,1,ReLU-5,9,0.03216707861376903,10000.0
50,test,eba,2,Conv2d-1,0,0.025290149290944818,100000.0
51,test,eba,2,Conv2d-2,2,0.013069484891430682,100000.0
52,test,eba,2,Conv2d-3,4,0.04257949141928241,100000.0
53,test,eba,2,Conv2d-4,6,0.099118561743451,100000.0
54,test,eba,2,Conv2d-5,8,0.12049514065099232,100000.0
55,test,eba,2,ReLU-1,1,0.013840203803500917,100000.0
56,test,eba,2,ReLU-2,3,0.0039417047542307515,10000.0
57,test,eba,2,ReLU-3,5,0.05857908278056898,1000.0
58,test,eba,2,ReLU-4,7,0.09489296940380852,1000.0
59,test,eba,2,ReLU-5,9,0.11113950902918339,10000.0
60,test,eba,3,Conv2d-1,0,0.04941849522586835,100000.0
61,test,eba,3,Conv2d-2,2,0.03314902024696091,100000.0
62,test,eba,3,Conv2d-3,4,0.07086985299500442,100000.0
63,test,eba,3,Conv2d-4,6,0.11603332175607936,100000.0
64,test,eba,3,Conv2d-5,8,0.16416844360867938,100000.0
65,test,eba,3,ReLU-1,1,0.06184897638657425,100000.0
66,test,eba,3,ReLU-2,3,0.13986372556370205,10000.0
67,test,eba,3,ReLU-3,5,0.10170839556581479,1000.0
68,test,eba,3,ReLU-4,7,0.1860384183608252,1000.0
69,test,eba,3,ReLU-5,9,0.17631661003842747,10000.0
70,test,eba,4,Conv2d-1,0,-0.007474386431879788,100000.0
71,test,eba,4,Conv2d-2,2,0.022894307594446807,100000.0
72,test,eba,4,Conv2d-3,4,0.061487791349477516,100000.0
73,test,eba,4,Conv2d-4,6,0.08064755581072998,100000.0
74,test,eba,4,Conv2d-5,8,0.13284248810908125,100000.0
75,test,eba,4,ReLU-1,1,0.019747683295388015,100000.0
76,test,eba,4,ReLU-2,3,0.07375057891538031,10000.0
77,test,eba,4,ReLU-3,5,0.053410035696462854,1000.0
78,test,eba,4,ReLU-4,7,0.11101853578629513,1000.0
79,test,eba,4,ReLU-5,9,0.0734643446918122,10000.0
80,test,evc,1,Conv2d-1,0,0.03689464922248013,100000.0
81,test,evc,1,Conv2d-2,2,0.11774276673443174,100000.0
82,test,evc,1,Conv2d-3,4,0.12121703027125293,100000.0
83,test,evc,1,Conv2d-4,6,0.08195814816364817,100000.0
84,test,evc,1,Conv2d-5,8,0.024403292019773967,100000.0
85,test,evc,1,ReLU-1,1,0.18855386779956018,100000.0
86,test,evc,1,ReLU-2,3,0.23464202831466752,10000.0
87,test,evc,1,ReLU-3,5,0.12524425076812573,1000.0
88,test,evc,1,ReLU-4,7,0.0862069034402651,1000.0
89,test,evc,1,ReLU-5,9,-0.08072360408218948,10000.0
90,test,evc,2,Conv2d-1,0,0.07830172178252962,100000.0
91,test,evc,2,Conv2d-2,2,0.18147504667673178,100000.0
92,test,evc,2,Conv2d-3,4,0.24105418167505716,100000.0
93,test,evc,2,Conv2d-4,6,0.21102972530552128,100000.0
94,test,evc,2,Conv2d-5,8,0.12947187618651576,100000.0
95,test,evc,2,ReLU-1,1,0.2401477926871624,100000.0
96,test,evc,2,ReLU-2,3,0.3839340301348293,10000.0
97,test,evc,2,ReLU-3,5,0.2780735921403806,1000.0
98,test,evc,2,ReLU-4,7,0.25671929618050504,1000.0
99,test,evc,2,ReLU-5,9,0.04286487094059099,10000.0
100,test,evc,3,Conv2d-1,0,0.05833975603307899,100000.0
101,test,evc,3,Conv2d-2,2,0.1661262680980991,100000.0
102,test,evc,3,Conv2d-3,4,0.21543214997951116,100000.0
103,test,evc,3,Conv2d-4,6,0.17410857525558568,100000.0
104,test,evc,3,Conv2d-5,8,0.12040378360000845,100000.0
105,test,evc,3,ReLU-1,1,0.22679099634387204,100000.0
106,test,evc,3,ReLU-2,3,0.3049838270355727,10000.0
107,test,evc,3,ReLU-3,5,0.1921233219040086,1000.0
108,test,evc,3,ReLU-4,7,0.17274769707682977,1000.0
109,test,evc,3,ReLU-5,9,0.021502270713791446,10000.0
110,test,evc,4,Conv2d-1,0,0.08337508773025597,100000.0
111,test,evc,4,Conv2d-2,2,0.23072459912757154,100000.0
112,test,evc,4,Conv2d-3,4,0.25549374417370585,100000.0
113,test,evc,4,Conv2d-4,6,0.24838180713137775,100000.0
114,test,evc,4,Conv2d-5,8,0.15144944733257665,100000.0
115,test,evc,4,ReLU-1,1,0.31279285216040537,100000.0
116,test,evc,4,ReLU-2,3,0.33863138145551497,10000.0
117,test,evc,4,ReLU-3,5,0.27415085267297384,1000.0
118,test,evc,4,ReLU-4,7,0.2369937693975373,1000.0
119,test,evc,4,ReLU-5,9,0.030119545788966685,10000.0
120,test,face,1,Conv2d-1,0,0.05803445537449046,100000.0
121,test,face,1,Conv2d-2,2,0.015568674757595186,100000.0
122,test,face,1,Conv2d-3,4,0.04909794141926345,100000.0
123,test,face,1,Conv2d-4,6,0.13071737967505384,100000.0
124,test,face,1,Conv2d-5,8,0.11245694405758773,100000.0
125,test,face,1,ReLU-1,1,0.06657833226095174,100000.0
126,test,face,1,ReLU-2,3,0.03377233589242485,10000.0
127,test,face,1,ReLU-3,5,0.132818141738209,1000.0
128,test,face,1,ReLU-4,7,0.10610332515845182,1000.0
129,test,face,1,ReLU-5,9,0.15086498270934803,10000.0
130,test,face,2,Conv2d-1,0,0.02414639077316038,100000.0
131,test,face,2,Conv2d-2,2,-0.006017270801663939,100000.0
132,test,face,2,Conv2d-3,4,0.01662880394660033,100000.0
133,test,face,2,Conv2d-4,6,0.09517626527227135,100000.0
134,test,face,2,Conv2d-5,8,-0.009746336760023502,100000.0
135,test,face,2,ReLU-1,1,0.018232235500311215,100000.0
136,test,face,2,ReLU-2,3,-0.05896438154768626,10000.0
137,test,face,2,ReLU-3,5,0.06230878597256584,1000.0
138,test,face,2,ReLU-4,7,-0.0010089734886784163,1000.0
139,test,face,2,ReLU-5,9,0.1030681914588693,10000.0
140,test,face,3,Conv2d-1,0,0.14459950434855062,100000.0
141,test,face,3,Conv2d-2,2,0.14970278487536076,100000.0
142,test,face,3,Conv2d-3,4,0.15344781201911145,100000.0
143,test,face,3,Conv2d-4,6,0.21985572979877704,100000.0
144,test,face,3,Conv2d-5,8,0.18086566925273104,100000.0
145,test,face,3,ReLU-1,1,0.19123023896134964,100000.0
146,test,face,3,ReLU-2,3,0.12327066738970771,10000.0
147,test,face,3,ReLU-3,5,0.1923146083156208,1000.0
148,test,face,3,ReLU-4,7,0.20134735466489792,1000.0
149,test,face,3,ReLU-5,9,0.2627321518633964,10000.0
150,test,face,4,Conv2d-1,0,0.0717054129583736,100000.0
151,test,face,4,Conv2d-2,2,0.042078251532047486,100000.0
152,test,face,4,Conv2d-3,4,0.07826708358267417,100000.0
153,test,face,4,Conv2d-4,6,0.07418313411985328,100000.0
154,test,face,4,Conv2d-5,8,0.06364543410087535,100000.0
155,test,face,4,ReLU-1,1,0.06993550158821635,100000.0
156,test,face,4,ReLU-2,3,0.009562641520550724,10000.0
157,test,face,4,ReLU-3,5,0.08690034513028963,1000.0
158,test,face,4,ReLU-4,7,0.032249337384487174,1000.0
159,test,face,4,ReLU-5,9,0.08401620040087558,10000.0
160,test,ffa,1,Conv2d-1,0,0.12251115569779802,100000.0
161,test,ffa,1,Conv2d-2,2,0.123814880088181,100000.0
162,test,ffa,1,Conv2d-3,4,0.1822178031699086,100000.0
163,test,ffa,1,Conv2d-4,6,0.2320348526340318,100000.0
164,test,ffa,1,Conv2d-5,8,0.1341404976263679,100000.0
165,test,ffa,1,ReLU-1,1,0.16159187031486297,100000.0
166,test,ffa,1,ReLU-2,3,0.14757058595276606,10000.0
167,test,ffa,1,ReLU-3,5,0.21371466371954542,1000.0
168,test,ffa,1,ReLU-4,7,0.19548399601627828,1000.0
169,test,ffa,1,ReLU-5,9,0.19646503743052227,10000.0
170,test,ffa,2,Conv2d-1,0,0.11897012929394642,100000.0
171,test,ffa,2,Conv2d-2,2,0.12922551458196652,100000.0
172,test,ffa,2,Conv2d-3,4,0.13119816233956788,100000.0
173,test,ffa,2,Conv2d-4,6,0.2211849283624221,100000.0
174,test,ffa,2,Conv2d-5,8,0.18594187240736626,100000.0
175,test,ffa,2,ReLU-1,1,0.17636171707660978,100000.0
176,test,ffa,2,ReLU-2,3,0.1297518139348583,10000.0
177,test,ffa,2,ReLU-3,5,0.15464700986333996,1000.0
178,test,ffa,2,ReLU-4,7,0.22219177773897622,1000.0
179,test,ffa,2,ReLU-5,9,0.19559959828993803,10000.0
180,test,ffa,3,Conv2d-1,0,0.16981527937068627,100000.0
181,test,ffa,3,Conv2d-2,2,0.21872915130215026,100000.0
182,test,ffa,3,Conv2d-3,4,0.2376273667571648,100000.0
183,test,ffa,3,Conv2d-4,6,0.2917246184721641,100000.0
184,test,ffa,3,Conv2d-5,8,0.2696489538052394,100000.0
185,test,ffa,3,ReLU-1,1,0.22207483019430443,100000.0
186,test,ffa,3,ReLU-2,3,0.22448156049414436,10000.0
187,test,ffa,3,ReLU-3,5,0.23404086918162387,1000.0
188,test,ffa,3,ReLU-4,7,0.3354176706151972,1000.0
189,test,ffa,3,ReLU-5,9,0.30026067154563424,10000.0
190,test,ffa,4,Conv2d-1,0,0.052658504597248745,100000.0
191,test,ffa,4,Conv2d-2,2,0.028747895327294704,100000.0
192,test,ffa,4,Conv2d-3,4,0.069658841041437,100000.0
193,test,ffa,4,Conv2d-4,6,0.08297648291790295,100000.0
194,test,ffa,4,Conv2d-5,8,0.046905291277093336,100000.0
195,test,ffa,4,ReLU-1,1,0.05131306163326269,100000.0
196,test,ffa,4,ReLU-2,3,0.008767525663510042,10000.0
197,test,ffa,4,ReLU-3,5,0.05223130013236506,1000.0
198,test,ffa,4,ReLU-4,7,0.06889320988364545,1000.0
199,test,ffa,4,ReLU-5,9,0.06724739217823526,10000.0
200,test,loc,1,Conv2d-1,0,0.05053253134614215,100000.0
201,test,loc,1,Conv2d-2,2,0.0858472356261143,100000.0
202,test,loc,1,Conv2d-3,4,0.047862299879873865,100000.0
203,test,loc,1,Conv2d-4,6,0.09427663804130564,100000.0
204,test,loc,1,Conv2d-5,8,0.1190810838079818,100000.0
205,test,loc,1,ReLU-1,1,0.06353905654272683,100000.0
206,test,loc,1,ReLU-2,3,0.06873846325798089,10000.0
207,test,loc,1,ReLU-3,5,0.07899102651132159,1000.0
208,test,loc,1,ReLU-4,7,0.11749564146099974,1000.0
209,test,loc,1,ReLU-5,9,0.04246081929786209,10000.0
210,test,loc,2,Conv2d-1,0,0.0076582485658766184,100000.0
211,test,loc,2,Conv2d-2,2,-0.003846347292079452,100000.0
212,test,loc,2,Conv2d-3,4,0.005733959760971645,100000.0
213,test,loc,2,Conv2d-4,6,0.09883897801379586,100000.0
214,test,loc,2,Conv2d-5,8,0.10068154919083341,100000.0
215,test,loc,2,ReLU-1,1,0.0491963130976673,100000.0
216,test,loc,2,ReLU-2,3,-0.0028259693442575116,10000.0
217,test,loc,2,ReLU-3,5,0.030120891059978727,1000.0
218,test,loc,2,ReLU-4,7,0.08089950079572023,1000.0
219,test,loc,2,ReLU-5,9,0.11947075217718332,10000.0
220,test,loc,3,Conv2d-1,0,0.04564584450968222,100000.0
221,test,loc,3,Conv2d-2,2,0.047522355964020074,100000.0
222,test,loc,3,Conv2d-3,4,0.021755813840284726,100000.0
223,test,loc,3,Conv2d-4,6,0.09469378837546767,100000.0
224,test,loc,3,Conv2d-5,8,0.06793951894170666,100000.0
225,test,loc,3,ReLU-1,1,0.060072500498470946,100000.0
226,test,loc,3,ReLU-2,3,0.06549618816700123,10000.0
227,test,loc,3,ReLU-3,5,0.07165934501232554,1000.0
228,test,loc,3,ReLU-4,7,0.1366970031180196,1000.0
229,test,loc,3,ReLU-5,9,0.16720289455793624,10000.0
230,test,loc,4,Conv2d-1,0,0.07271434093036364,100000.0
231,test,loc,4,Conv2d-2,2,0.06130783353586152,100000.0
232,test,loc,4,Conv2d-3,4,0.1079540792245777,100000.0
233,test,loc,4,Conv2d-4,6,0.11875435490398698,100000.0
234,test,loc,4,Conv2d-5,8,0.12175156308733123,100000.0
235,test,loc,4,ReLU-1,1,0.06402801703891943,100000.0
236,test,loc,4,ReLU-2,3,0.09206944278849394,10000.0
237,test,loc,4,ReLU-3,5,0.06275472308342187,1000.0
238,test,loc,4,ReLU-4,7,0.10637103914726002,1000.0
239,test,loc,4,ReLU-5,9,0.0823676415793431,10000.0
240,test,mt,1,Conv2d-1,0,0.056908675948615206,100000.0
241,test,mt,1,Conv2d-2,2,0.041771549970938855,100000.0
242,test,mt,1,Conv2d-3,4,0.05590619111673552,100000.0
243,test,mt,1,Conv2d-4,6,0.04109301246765312,100000.0
244,test,mt,1,Conv2d-5,8,0.14690854572031237,100000.0
245,test,mt,1,ReLU-1,1,0.07220494344108945,100000.0
246,test,mt,1,ReLU-2,3,0.08947917908629548,10000.0
247,test,mt,1,ReLU-3,5,0.055406038572611824,1000.0
248,test,mt,1,ReLU-4,7,0.10669378786972669,1000.0
249,test,mt,1,ReLU-5,9,0.007054029699892031,10000.0
250,test,mt,2,Conv2d-1,0,-0.0357548354843551,100000.0
251,test,mt,2,Conv2d-2,2,0.012801877108228698,100000.0
252,test,mt,2,Conv2d-3,4,0.03829336188409757,100000.0
253,test,mt,2,Conv2d-4,6,0.08169675593711465,100000.0
254,test,mt,2,Conv2d-5,8,0.09006316831300107,100000.0
255,test,mt,2,ReLU-1,1,0.004572525595867188,100000.0
256,test,mt,2,ReLU-2,3,-0.004138291331334051,10000.0
257,test,mt,2,ReLU-3,5,0.03648400777475612,1000.0
258,test,mt,2,ReLU-4,7,0.08077501771041702,1000.0
259,test,mt,2,ReLU-5,9,0.0679671930882403,10000.0
260,test,mt,3,Conv2d-1,0,0.08235045650077562,100000.0
261,test,mt,3,Conv2d-2,2,0.19157729359540998,100000.0
262,test,mt,3,Conv2d-3,4,0.19094001444143377,100000.0
263,test,mt,3,Conv2d-4,6,0.16160670369786428,100000.0
264,test,mt,3,Conv2d-5,8,0.12882326337713348,100000.0
265,test,mt,3,ReLU-1,1,0.18867436564592546,100000.0
266,test,mt,3,ReLU-2,3,0.2752311862142089,10000.0
267,test,mt,3,ReLU-3,5,0.19015744601815585,1000.0
268,test,mt,3,ReLU-4,7,0.19554423482464128,1000.0
269,test,mt,3,ReLU-5,9,0.055701745324772324,10000.0
270,test,mt,4,Conv2d-1,0,0.1126065270678263,100000.0
271,test,mt,4,Conv2d-2,2,0.29126385809312644,100000.0
272,test,mt,4,Conv2d-3,4,0.31842500120429573,100000.0
273,test,mt,4,Conv2d-4,6,0.27290039798022225,100000.0
274,test,mt,4,Conv2d-5,8,0.1928382272413081,100000.0
275,test,mt,4,ReLU-1,1,0.3213082760592208,100000.0
276,test,mt,4,ReLU-2,3,0.40087854288942715,10000.0
277,test,mt,4,ReLU-3,5,0.29426913790254294,1000.0
278,test,mt,4,ReLU-4,7,0.30409128523576445,1000.0
279,test,mt,4,ReLU-5,9,0.10276540433296115,10000.0
280,test,ppa,1,Conv2d-1,0,0.07523344181898847,100000.0
281,test,ppa,1,Conv2d-2,2,0.09782984774541303,100000.0
282,test,ppa,1,Conv2d-3,4,0.11947090895688775,100000.0
283,test,ppa,1,Conv2d-4,6,0.11001855437227619,100000.0
284,test,ppa,1,Conv2d-5,8,0.2387170211046976,100000.0
285,test,ppa,1,ReLU-1,1,0.15190667258215035,100000.0
286,test,ppa,1,ReLU-2,3,0.1570816874098438,10000.0
287,test,ppa,1,ReLU-3,5,0.09720436752854625,1000.0
288,test,ppa,1,ReLU-4,7,0.216077354094675,1000.0
289,test,ppa,1,ReLU-5,9,0.05431275300482844,10000.0
290,test,ppa,2,Conv2d-1,0,-0.015721767610248686,100000.0
291,test,ppa,2,Conv2d-2,2,0.018306791835873904,100000.0
292,test,ppa,2,Conv2d-3,4,0.05030709224601719,100000.0
293,test,ppa,2,Conv2d-4,6,0.0610825056987526,100000.0
294,test,ppa,2,Conv2d-5,8,0.1737761415933142,100000.0
295,test,ppa,2,ReLU-1,1,0.059357767113105295,100000.0
296,test,ppa,2,ReLU-2,3,0.13492278283469591,10000.0
297,test,ppa,2,ReLU-3,5,0.026558446525540493,1000.0
298,test,ppa,2,ReLU-4,7,0.1542725845273351,1000.0
299,test,ppa,2,ReLU-5,9,0.03961210172423536,10000.0
300,test,ppa,3,Conv2d-1,0,0.01748261610200897,100000.0
301,test,ppa,3,Conv2d-2,2,0.05413965303892802,100000.0
302,test,ppa,3,Conv2d-3,4,0.12939420954391392,100000.0
303,test,ppa,3,Conv2d-4,6,0.14873098840626728,100000.0
304,test,ppa,3,Conv2d-5,8,0.21497293211046853,100000.0
305,test,ppa,3,ReLU-1,1,0.05239653582599577,100000.0
306,test,ppa,3,ReLU-2,3,0.06895857690556564,10000.0
307,test,ppa,3,ReLU-3,5,0.06127414612905221,1000.0
308,test,ppa,3,ReLU-4,7,0.19770130103131967,1000.0
309,test,ppa,3,ReLU-5,9,0.09045882971283901,10000.0
310,test,ppa,4,Conv2d-1,0,0.1430149925649754,100000.0
311,test,ppa,4,Conv2d-2,2,0.15514542265848563,100000.0
312,test,ppa,4,Conv2d-3,4,0.18372499221474975,100000.0
313,test,ppa,4,Conv2d-4,6,0.14958173577132516,100000.0
314,test,ppa,4,Conv2d-5,8,0.24452655374060575,100000.0
315,test,ppa,4,ReLU-1,1,0.18184094016237068,100000.0
316,test,ppa,4,ReLU-2,3,0.2281481724986399,10000.0
317,test,ppa,4,ReLU-3,5,0.16635374027697158,1000.0
318,test,ppa,4,ReLU-4,7,0.2932195078963236,1000.0
319,test,ppa,4,ReLU-5,9,0.14164521840234656,10000.0
320,test,psts,1,Conv2d-1,0,-0.026597444212660543,100000.0
321,test,psts,1,Conv2d-2,2,0.0017986425153432336,100000.0
322,test,psts,1,Conv2d-3,4,-0.030337297626165625,100000.0
323,test,psts,1,Conv2d-4,6,-0.04297222457883472,100000.0
324,test,psts,1,Conv2d-5,8,-0.03710018741496439,100000.0
325,test,psts,1,ReLU-1,1,0.007985710794295293,100000.0
326,test,psts,1,ReLU-2,3,-0.0849136984623072,10000.0
327,test,psts,1,ReLU-3,5,-0.0254786086104678,1000.0
328,test,psts,1,ReLU-4,7,-0.07858362686329201,1000.0
329,test,psts,1,ReLU-5,9,-0.016913465315714492,10000.0
330,test,psts,2,Conv2d-1,0,0.024885505931267017,100000.0
331,test,psts,2,Conv2d-2,2,0.022991672848296542,100000.0
332,test,psts,2,Conv2d-3,4,0.010980794865515255,100000.0
333,test,psts,2,Conv2d-4,6,0.08908314849554069,100000.0
334,test,psts,2,Conv2d-5,8,0.04720247985033101,100000.0
335,test,psts,2,ReLU-1,1,0.062155667832863234,100000.0
336,test,psts,2,ReLU-2,3,0.017451174185159613,10000.0
337,test,psts,2,ReLU-3,5,0.05113894007057869,1000.0
338,test,psts,2,ReLU-4,7,0.029261369088883597,1000.0
339,test,psts,2,ReLU-5,9,0.05058896192491087,10000.0
340,test,psts,3,Conv2d-1,0,0.06614123550246062,100000.0
341,test,psts,3,Conv2d-2,2,0.07974825731140255,100000.0
342,test,psts,3,Conv2d-3,4,0.058835346793545275,100000.0
343,test,psts,3,Conv2d-4,6,0.08346263149423575,100000.0
344,test,psts,3,Conv2d-5,8,0.04596754129090639,100000.0
345,test,psts,3,ReLU-1,1,0.1064844262754187,100000.0
346,test,psts,3,ReLU-2,3,0.018530804746429687,10000.0
347,test,psts,3,ReLU-3,5,0.003938139280307824,1000.0
348,test,psts,3,ReLU-4,7,0.06506415387573969,1000.0
349,test,psts,3,ReLU-5,9,0.07743030478353843,10000.0
350,test,psts,4,Conv2d-1,0,-0.005173194160158307,100000.0
351,test,psts,4,Conv2d-2,2,-0.02727447460782,100000.0
352,test,psts,4,Conv2d-3,4,-0.002413340334474325,100000.0
353,test,psts,4,Conv2d-4,6,0.01904606377368496,100000.0
354,test,psts,4,Conv2d-5,8,0.03538243816968799,100000.0
355,test,psts,4,ReLU-1,1,0.00607163289981638,100000.0
356,test,psts,4,ReLU-2,3,-0.025896411350496577,10000.0
357,test,psts,4,ReLU-3,5,-0.011773700634464703,1000.0
358,test,psts,4,ReLU-4,7,-0.021576619695551517,1000.0
359,test,psts,4,ReLU-5,9,0.005195396189266987,10000.0
360,train,asts,1,Conv2d-1,0,0.016353879891989935,100000.0
361,train,asts,1,Conv2d-2,2,0.006604279161660063,100000.0
362,train,asts,1,Conv2d-3,4,0.00806440745844696,100000.0
363,train,asts,1,Conv2d-4,6,0.010618738340112923,100000.0
364,train,asts,1,Conv2d-5,8,-0.0033731453613246435,100000.0
365,train,asts,1,ReLU-1,1,0.013457929002221425,100000.0
366,train,asts,1,ReLU-2,3,0.017162118938740853,10000.0
367,train,asts,1,ReLU-3,5,0.01708498978853914,1000.0
368,train,asts,1,ReLU-4,7,0.008271031901936933,1000.0
369,train,asts,1,ReLU-5,9,0.032011147981661464,10000.0
370,train,asts,2,Conv2d-1,0,0.0027258479063801576,100000.0
371,train,asts,2,Conv2d-2,2,0.004438060993398498,100000.0
372,train,asts,2,Conv2d-3,4,0.006191246332045737,100000.0
373,train,asts,2,Conv2d-4,6,0.01517504600580483,100000.0
374,train,asts,2,Conv2d-5,8,-0.009997688494281527,100000.0
375,train,asts,2,ReLU-1,1,0.010369776839176496,100000.0
376,train,asts,2,ReLU-2,3,-0.0005224822357190507,10000.0
377,train,asts,2,ReLU-3,5,0.009654897501809562,1000.0
378,train,asts,2,ReLU-4,7,0.014517715417555605,1000.0
379,train,asts,2,ReLU-5,9,0.036162685803855045,10000.0
380,train,asts,3,Conv2d-1,0,0.028115598138028407,100000.0
381,train,asts,3,Conv2d-2,2,0.012799300015043518,100000.0
382,train,asts,3,Conv2d-3,4,0.021504514662007906,100000.0
383,train,asts,3,Conv2d-4,6,0.038777423087049144,100000.0
384,train,asts,3,Conv2d-5,8,0.032322829143715905,100000.0
385,train,asts,3,ReLU-1,1,0.02305755523739237,100000.0
386,train,asts,3,ReLU-2,3,0.025443000786545905,10000.0
387,train,asts,3,ReLU-3,5,0.036921698545477374,1000.0
388,train,asts,3,ReLU-4,7,0.04777774198926476,1000.0
389,train,asts,3,ReLU-5,9,0.06435828152544047,10000.0
390,train,asts,4,Conv2d-1,0,0.0030565541348261302,100000.0
391,train,asts,4,Conv2d-2,2,-0.004803508170123698,100000.0
392,train,asts,4,Conv2d-3,4,0.0002724601090395358,100000.0
393,train,asts,4,Conv2d-4,6,0.011147230094912803,100000.0
394,train,asts,4,Conv2d-5,8,5.519352722163015e-05,100000.0
395,train,asts,4,ReLU-1,1,-0.008790568768352694,100000.0
396,train,asts,4,ReLU-2,3,-0.001405895751157051,10000.0
397,train,asts,4,ReLU-3,5,0.011967558939907027,1000.0
398,train,asts,4,ReLU-4,7,0.005054542569804403,1000.0
399,train,asts,4,ReLU-5,9,0.03893711995142375,10000.0
400,train,eba,1,Conv2d-1,0,0.01769990609769015,100000.0
401,train,eba,1,Conv2d-2,2,0.008876835429964402,100000.0
402,train,eba,1,Conv2d-3,4,0.014286144376030124,100000.0
403,train,eba,1,Conv2d-4,6,0.025753780711751606,100000.0
404,train,eba,1,Conv2d-5,8,0.046288480884444864,100000.0
405,train,eba,1,ReLU-1,1,0.015135699624451365,100000.0
406,train,eba,1,ReLU-2,3,0.024182139031070644,10000.0
407,train,eba,1,ReLU-3,5,0.028466359278399123,1000.0
408,train,eba,1,ReLU-4,7,0.04818312811681906,1000.0
409,train,eba,1,ReLU-5,9,0.0462083448721561,10000.0
410,train,eba,2,Conv2d-1,0,0.041664282771577535,100000.0
411,train,eba,2,Conv2d-2,2,0.023268089619983737,100000.0
412,train,eba,2,Conv2d-3,4,0.02734350852656774,100000.0
413,train,eba,2,Conv2d-4,6,0.055336570176783506,100000.0
414,train,eba,2,Conv2d-5,8,0.04935687063910073,100000.0
415,train,eba,2,ReLU-1,1,0.04209310453228991,100000.0
416,train,eba,2,ReLU-2,3,0.035982443465992886,10000.0
417,train,eba,2,ReLU-3,5,0.06186338682789869,1000.0
418,train,eba,2,ReLU-4,7,0.0776192117315779,1000.0
419,train,eba,2,ReLU-5,9,0.11462370461030473,10000.0
420,train,eba,3,Conv2d-1,0,0.03969581377765311,100000.0
421,train,eba,3,Conv2d-2,2,0.06312473932102358,100000.0
422,train,eba,3,Conv2d-3,4,0.08260971876792529,100000.0
423,train,eba,3,Conv2d-4,6,0.11322231813249069,100000.0
424,train,eba,3,Conv2d-5,8,0.12655994907308799,100000.0
425,train,eba,3,ReLU-1,1,0.07104754511245485,100000.0
426,train,eba,3,ReLU-2,3,0.10115904844307408,10000.0
427,train,eba,3,ReLU-3,5,0.11614597195048137,1000.0
428,train,eba,3,ReLU-4,7,0.14424132028345618,1000.0
429,train,eba,3,ReLU-5,9,0.17459782331076118,10000.0
430,train,eba,4,Conv2d-1,0,0.019520974169510603,100000.0
431,train,eba,4,Conv2d-2,2,0.0035655000003931626,100000.0
432,train,eba,4,Conv2d-3,4,-0.0008378379414444627,100000.0
433,train,eba,4,Conv2d-4,6,0.00779743845722012,100000.0
434,train,eba,4,Conv2d-5,8,0.028149381135508255,100000.0
435,train,eba,4,ReLU-1,1,0.017918932666137265,100000.0
436,train,eba,4,ReLU-2,3,0.010662541485951992,10000.0
437,train,eba,4,ReLU-3,5,0.008746123886331846,1000.0
438,train,eba,4,ReLU-4,7,0.02752289411340978,1000.0
439,train,eba,4,ReLU-5,9,0.0427298642077533,10000.0
440,train,evc,1,Conv2d-1,0,0.007578229313558778,100000.0
441,train,evc,1,Conv2d-2,2,0.017264908189618514,100000.0
442,train,evc,1,Conv2d-3,4,0.03858453044909418,100000.0
443,train,evc,1,Conv2d-4,6,0.018492995765348515,100000.0
444,train,evc,1,Conv2d-5,8,0.026330908798027408,100000.0
445,train,evc,1,ReLU-1,1,-0.034138205414224874,100000.0
446,train,evc,1,ReLU-2,3,0.058690533977176516,10000.0
447,train,evc,1,ReLU-3,5,-0.025840131193023315,1000.0
448,train,evc,1,ReLU-4,7,-0.011362155993075832,1000.0
449,train,evc,1,ReLU-5,9,-0.04747740932208564,10000.0
450,train,evc,2,Conv2d-1,0,-0.040031234533706175,100000.0
451,train,evc,2,Conv2d-2,2,0.0203251387875786,100000.0
452,train,evc,2,Conv2d-3,4,0.05193248314445883,100000.0
453,train,evc,2,Conv2d-4,6,0.04332139845495523,100000.0
454,train,evc,2,Conv2d-5,8,0.054093781434059754,100000.0
455,train,evc,2,ReLU-1,1,-0.0467279643594421,100000.0
456,train,evc,2,ReLU-2,3,0.08722542078137809,10000.0
457,train,evc,2,ReLU-3,5,-0.018458448694492043,1000.0
458,train,evc,2,ReLU-4,7,0.005585875792186788,1000.0
459,train,evc,2,ReLU-5,9,-0.03290977238880012,10000.0
460,train,evc,3,Conv2d-1,0,-0.018939083729980145,100000.0
461,train,evc,3,Conv2d-2,2,0.02736373765249796,100000.0
462,train,evc,3,Conv2d-3,4,0.050778723256874846,100000.0
463,train,evc,3,Conv2d-4,6,0.0309148594023095,100000.0
464,train,evc,3,Conv2d-5,8,0.04091059884052563,100000.0
465,train,evc,3,ReLU-1,1,-0.03162117038052689,100000.0
466,train,evc,3,ReLU-2,3,0.04613800159734234,10000.0
467,train,evc,3,ReLU-3,5,-0.059679859064892746,1000.0
468,train,evc,3,ReLU-4,7,-0.03542435037577284,1000.0
469,train,evc,3,ReLU-5,9,-0.05671713087770906,10000.0
470,train,evc,4,Conv2d-1,0,-0.06623278196705089,100000.0
471,train,evc,4,Conv2d-2,2,0.0285611157539421,100000.0
472,train,evc,4,Conv2d-3,4,0.04063152212801119,100000.0
473,train,evc,4,Conv2d-4,6,0.03220293160031661,100000.0
474,train,evc,4,Conv2d-5,8,0.03628028419793305,100000.0
475,train,evc,4,ReLU-1,1,-0.03021938131925777,100000.0
476,train,evc,4,ReLU-2,3,0.057867978124816075,10000.0
477,train,evc,4,ReLU-3,5,-0.03767677496995901,1000.0
478,train,evc,4,ReLU-4,7,-0.014636818597146306,1000.0
479,train,evc,4,ReLU-5,9,-0.03491428813024357,10000.0
480,train,face,1,Conv2d-1,0,0.031125307583987266,100000.0
481,train,face,1,Conv2d-2,2,0.023886167999511775,100000.0
482,train,face,1,Conv2d-3,4,0.0365644164809142,100000.0
483,train,face,1,Conv2d-4,6,0.07395902366478942,100000.0
484,train,face,1,Conv2d-5,8,0.049205582800955924,100000.0
485,train,face,1,ReLU-1,1,0.04128293384574312,100000.0
486,train,face,1,ReLU-2,3,0.04676216887729036,10000.0
487,train,face,1,ReLU-3,5,0.07624658106107503,1000.0
488,train,face,1,ReLU-4,7,0.07009323077651317,1000.0
489,train,face,1,ReLU-5,9,0.10975397299762937,10000.0
490,train,face,2,Conv2d-1,0,0.0036463172529512173,100000.0
491,train,face,2,Conv2d-2,2,0.0013401720010279175,100000.0
492,train,face,2,Conv2d-3,4,-0.004571151829179533,100000.0
493,train,face,2,Conv2d-4,6,0.021298457566763056,100000.0
494,train,face,2,Conv2d-5,8,-0.011596185007240061,100000.0
495,train,face,2,ReLU-1,1,0.01235925228439887,100000.0
496,train,face,2,ReLU-2,3,0.0026799290971877333,10000.0
497,train,face,2,ReLU-3,5,0.022267082184938853,1000.0
498,train,face,2,ReLU-4,7,0.008664822489467861,1000.0
499,train,face,2,ReLU-5,9,0.053743548773391804,10000.0
500,train,face,3,Conv2d-1,0,0.04203916768891199,100000.0
501,train,face,3,Conv2d-2,2,0.03878753275748269,100000.0
502,train,face,3,Conv2d-3,4,0.05648447725206385,100000.0
503,train,face,3,Conv2d-4,6,0.12756466082330445,100000.0
504,train,face,3,Conv2d-5,8,0.07965506680870675,100000.0
505,train,face,3,ReLU-1,1,0.06077238544082163,100000.0
506,train,face,3,ReLU-2,3,0.06280596999031783,10000.0
507,train,face,3,ReLU-3,5,0.12323438319694913,1000.0
508,train,face,3,ReLU-4,7,0.12340262956635568,1000.0
509,train,face,3,ReLU-5,9,0.18488661295726955,10000.0
510,train,face,4,Conv2d-1,0,0.015175399962475572,100000.0
511,train,face,4,Conv2d-2,2,-0.0016125358652081263,100000.0
512,train,face,4,Conv2d-3,4,-0.0013291715458396314,100000.0
513,train,face,4,Conv2d-4,6,0.016148570418248208,100000.0
514,train,face,4,Conv2d-5,8,0.0027988451699523294,100000.0
515,train,face,4,ReLU-1,1,-0.00168805834792721,100000.0
516,train,face,4,ReLU-2,3,0.004033166031466435,10000.0
517,train,face,4,ReLU-3,5,0.023211094569467024,1000.0
518,train,face,4,ReLU-4,7,0.015550500910354472,1000.0
519,train,face,4,ReLU-5,9,0.04142646967724322,10000.0
520,train,ffa,1,Conv2d-1,0,0.062422227060339196,100000.0
521,train,ffa,1,Conv2d-2,2,0.061361713067080124,100000.0
522,train,ffa,1,Conv2d-3,4,0.07046626034162708,100000.0
523,train,ffa,1,Conv2d-4,6,0.1299976689486442,100000.0
524,train,ffa,1,Conv2d-5,8,0.07543827277721855,100000.0
525,train,ffa,1,ReLU-1,1,0.07065085857421258,100000.0
526,train,ffa,1,ReLU-2,3,0.0810537605260095,10000.0
527,train,ffa,1,ReLU-3,5,0.13949998785274964,1000.0
528,train,ffa,1,ReLU-4,7,0.1260546206873999,1000.0
529,train,ffa,1,ReLU-5,9,0.1932856188369773,10000.0
530,train,ffa,2,Conv2d-1,0,0.08393925499540596,100000.0
531,train,ffa,2,Conv2d-2,2,0.10293142607345392,100000.0
532,train,ffa,2,Conv2d-3,4,0.11541291943611412,100000.0
533,train,ffa,2,Conv2d-4,6,0.16741617336853779,100000.0
534,train,ffa,2,Conv2d-5,8,0.1237290069952924,100000.0
535,train,ffa,2,ReLU-1,1,0.11759877458996901,100000.0
536,train,ffa,2,ReLU-2,3,0.11508447485399453,10000.0
537,train,ffa,2,ReLU-3,5,0.18113039564188976,1000.0
538,train,ffa,2,ReLU-4,7,0.18398602583392612,1000.0
539,train,ffa,2,ReLU-5,9,0.25653831674741595,10000.0
540,train,ffa,3,Conv2d-1,0,0.07111095492196959,100000.0
541,train,ffa,3,Conv2d-2,2,0.0734239033979144,100000.0
542,train,ffa,3,Conv2d-3,4,0.09342948832618572,100000.0
543,train,ffa,3,Conv2d-4,6,0.15742087364710583,100000.0
544,train,ffa,3,Conv2d-5,8,0.11170591795744296,100000.0
545,train,ffa,3,ReLU-1,1,0.0834211493230384,100000.0
546,train,ffa,3,ReLU-2,3,0.07958878368904801,10000.0
547,train,ffa,3,ReLU-3,5,0.14605506447517153,1000.0
548,train,ffa,3,ReLU-4,7,0.14511218161531197,1000.0
549,train,ffa,3,ReLU-5,9,0.2219850952948307,10000.0
550,train,ffa,4,Conv2d-1,0,0.018404559150833506,100000.0
551,train,ffa,4,Conv2d-2,2,0.0058342307708076115,100000.0
552,train,ffa,4,Conv2d-3,4,0.009558805133672134,100000.0
553,train,ffa,4,Conv2d-4,6,0.036977824226195756,100000.0
554,train,ffa,4,Conv2d-5,8,0.010800938687647277,100000.0
555,train,ffa,4,ReLU-1,1,0.006654431614675211,100000.0
556,train,ffa,4,ReLU-2,3,0.017466043969520832,10000.0
557,train,ffa,4,ReLU-3,5,0.04246156499652198,1000.0
558,train,ffa,4,ReLU-4,7,0.035936553306476396,1000.0
559,train,ffa,4,ReLU-5,9,0.07612160114819393,10000.0
560,train,loc,1,Conv2d-1,0,0.05734389508262348,100000.0
561,train,loc,1,Conv2d-2,2,0.056003453398212465,100000.0
562,train,loc,1,Conv2d-3,4,0.044619971429721725,100000.0
563,train,loc,1,Conv2d-4,6,0.06647841149598277,100000.0
564,train,loc,1,Conv2d-5,8,0.07771012512037304,100000.0
565,train,loc,1,ReLU-1,1,0.07330907113424598,100000.0
566,train,loc,1,ReLU-2,3,0.05776307796842769,10000.0
567,train,loc,1,ReLU-3,5,0.07410716591358411,1000.0
568,train,loc,1,ReLU-4,7,0.07150898985613688,1000.0
569,train,loc,1,ReLU-5,9,0.10294075012144857,10000.0
570,train,loc,2,Conv2d-1,0,0.032292144179316425,100000.0
571,train,loc,2,Conv2d-2,2,0.027341123350087416,100000.0
572,train,loc,2,Conv2d-3,4,0.031772451586845454,100000.0
573,train,loc,2,Conv2d-4,6,0.0661628753490755,100000.0
574,train,loc,2,Conv2d-5,8,0.06596204551128201,100000.0
575,train,loc,2,ReLU-1,1,0.036499311960505376,100000.0
576,train,loc,2,ReLU-2,3,0.04005552922333899,10000.0
577,train,loc,2,ReLU-3,5,0.05573552178513306,1000.0
578,train,loc,2,ReLU-4,7,0.07929577759691868,1000.0
579,train,loc,2,ReLU-5,9,0.12175212752562876,10000.0
580,train,loc,3,Conv2d-1,0,0.043532912925141734,100000.0
581,train,loc,3,Conv2d-2,2,0.05495716192015071,100000.0
582,train,loc,3,Conv2d-3,4,0.05700620417909873,100000.0
583,train,loc,3,Conv2d-4,6,0.08650895679671047,100000.0
584,train,loc,3,Conv2d-5,8,0.0697419759190105,100000.0
585,train,loc,3,ReLU-1,1,0.06179814930363166,100000.0
586,train,loc,3,ReLU-2,3,0.05715202293544349,10000.0
587,train,loc,3,ReLU-3,5,0.09357300261678651,1000.0
588,train,loc,3,ReLU-4,7,0.09573458240741202,1000.0
589,train,loc,3,ReLU-5,9,0.13800927818309136,10000.0
590,train,loc,4,Conv2d-1,0,0.04027509150037772,100000.0
591,train,loc,4,Conv2d-2,2,0.02077942729164167,100000.0
592,train,loc,4,Conv2d-3,4,0.0294596870959756,100000.0
593,train,loc,4,Conv2d-4,6,0.07141599637469277,100000.0
594,train,loc,4,Conv2d-5,8,0.096237732690059,100000.0
595,train,loc,4,ReLU-1,1,0.029735964693869927,100000.0
596,train,loc,4,ReLU-2,3,0.049445496137636005,10000.0
597,train,loc,4,ReLU-3,5,0.0611853072774306,1000.0
598,train,loc,4,ReLU-4,7,0.08384051532631095,1000.0
599,train,loc,4,ReLU-5,9,0.12059400553830164,10000.0
600,train,mt,1,Conv2d-1,0,0.007107154513303393,100000.0
601,train,mt,1,Conv2d-2,2,0.017934480357121738,100000.0
602,train,mt,1,Conv2d-3,4,0.028291235102289352,100000.0
603,train,mt,1,Conv2d-4,6,0.04620738723154941,100000.0
604,train,mt,1,Conv2d-5,8,0.09964853549305948,100000.0
605,train,mt,1,ReLU-1,1,0.014114962526169653,100000.0
606,train,mt,1,ReLU-2,3,0.03504568886370748,10000.0
607,train,mt,1,ReLU-3,5,0.031722105322877406,1000.0
608,train,mt,1,ReLU-4,7,0.08109522922003463,1000.0
609,train,mt,1,ReLU-5,9,0.06820608117412667,10000.0
610,train,mt,2,Conv2d-1,0,0.03132859932430423,100000.0
611,train,mt,2,Conv2d-2,2,0.021882411268074182,100000.0
612,train,mt,2,Conv2d-3,4,0.026940642354213878,100000.0
613,train,mt,2,Conv2d-4,6,0.038810493332881356,100000.0
614,train,mt,2,Conv2d-5,8,0.040085442900632796,100000.0
615,train,mt,2,ReLU-1,1,0.035689068973408775,100000.0
616,train,mt,2,ReLU-2,3,0.0250330067898553,10000.0
617,train,mt,2,ReLU-3,5,0.03968708150382803,1000.0
618,train,mt,2,ReLU-4,7,0.04841256430036133,1000.0
619,train,mt,2,ReLU-5,9,0.08065014406053059,10000.0
620,train,mt,3,Conv2d-1,0,-0.012575814621545129,100000.0
621,train,mt,3,Conv2d-2,2,0.06957239377945394,100000.0
622,train,mt,3,Conv2d-3,4,0.07601403174996339,100000.0
623,train,mt,3,Conv2d-4,6,0.04908773259222586,100000.0
624,train,mt,3,Conv2d-5,8,0.05689086926568204,100000.0
625,train,mt,3,ReLU-1,1,0.006501749054611159,100000.0
626,train,mt,3,ReLU-2,3,0.10025059892880459,10000.0
627,train,mt,3,ReLU-3,5,0.009939987779903339,1000.0
628,train,mt,3,ReLU-4,7,0.018464477931798628,1000.0
629,train,mt,3,ReLU-5,9,-0.013377603015573464,10000.0
630,train,mt,4,Conv2d-1,0,-0.06548910796549177,100000.0
631,train,mt,4,Conv2d-2,2,0.05426070296935759,100000.0
632,train,mt,4,Conv2d-3,4,0.07449246167162468,100000.0
633,train,mt,4,Conv2d-4,6,0.06535689795098326,100000.0
634,train,mt,4,Conv2d-5,8,0.06632417799933248,100000.0
635,train,mt,4,ReLU-1,1,-0.0058548141985853945,100000.0
636,train,mt,4,ReLU-2,3,0.1273447995216869,10000.0
637,train,mt,4,ReLU-3,5,0.04656554088273906,1000.0
638,train,mt,4,ReLU-4,7,0.057528271787490495,1000.0
639,train,mt,4,ReLU-5,9,0.019265367939019257,10000.0
640,train,ppa,1,Conv2d-1,0,0.00812134260212746,100000.0
641,train,ppa,1,Conv2d-2,2,0.022771145723817908,100000.0
642,train,ppa,1,Conv2d-3,4,0.045119021902694394,100000.0
643,train,ppa,1,Conv2d-4,6,0.05122492462142044,100000.0
644,train,ppa,1,Conv2d-5,8,0.12469814530887469,100000.0
645,train,ppa,1,ReLU-1,1,0.021922284412575422,100000.0
646,train,ppa,1,ReLU-2,3,0.0664069485095508,10000.0
647,train,ppa,1,ReLU-3,5,0.003192288924748948,1000.0
648,train,ppa,1,ReLU-4,7,0.06871172981743245,1000.0
649,train,ppa,1,ReLU-5,9,0.013465988814463332,10000.0
650,train,ppa,2,Conv2d-1,0,-0.031614585689581774,100000.0
651,train,ppa,2,Conv2d-2,2,0.012102858754562342,100000.0
652,train,ppa,2,Conv2d-3,4,0.0420021033123204,100000.0
653,train,ppa,2,Conv2d-4,6,0.013819805836693877,100000.0
654,train,ppa,2,Conv2d-5,8,0.08117743480990694,100000.0
655,train,ppa,2,ReLU-1,1,-0.01445290353128989,100000.0
656,train,ppa,2,ReLU-2,3,0.0516695638031459,10000.0
657,train,ppa,2,ReLU-3,5,-0.02209985736049591,1000.0
658,train,ppa,2,ReLU-4,7,0.014263847638624866,1000.0
659,train,ppa,2,ReLU-5,9,-0.011072018901044827,10000.0
660,train,ppa,3,Conv2d-1,0,-0.014729711871194512,100000.0
661,train,ppa,3,Conv2d-2,2,0.027070344003766556,100000.0
662,train,ppa,3,Conv2d-3,4,0.06530506269217583,100000.0
663,train,ppa,3,Conv2d-4,6,0.06477621447817328,100000.0
664,train,ppa,3,Conv2d-5,8,0.10319380418917681,100000.0
665,train,ppa,3,ReLU-1,1,0.004660813919355773,100000.0
666,train,ppa,3,ReLU-2,3,0.05097976346711168,10000.0
667,train,ppa,3,ReLU-3,5,0.006604237825569912,1000.0
668,train,ppa,3,ReLU-4,7,0.04334348832882608,1000.0
669,train,ppa,3,ReLU-5,9,0.025315391548722987,10000.0
670,train,ppa,4,Conv2d-1,0,0.010860750061481093,100000.0
671,train,ppa,4,Conv2d-2,2,0.05082996391246214,100000.0
672,train,ppa,4,Conv2d-3,4,0.07592976366562916,100000.0
673,train,ppa,4,Conv2d-4,6,0.06541110446958132,100000.0
674,train,ppa,4,Conv2d-5,8,0.13177111651987664,100000.0
675,train,ppa,4,ReLU-1,1,0.05140016605502836,100000.0
676,train,ppa,4,ReLU-2,3,0.09037120627468878,10000.0
677,train,ppa,4,ReLU-3,5,0.0221235671141918,1000.0
678,train,ppa,4,ReLU-4,7,0.07539440285365877,1000.0
679,train,ppa,4,ReLU-5,9,0.045614491112532865,10000.0
680,train,psts,1,Conv2d-1,0,0.04394645613016792,100000.0
681,train,psts,1,Conv2d-2,2,0.006094402656243276,100000.0
682,train,psts,1,Conv2d-3,4,0.013010295731117344,100000.0
683,train,psts,1,Conv2d-4,6,0.00891671116912247,100000.0
684,train,psts,1,Conv2d-5,8,0.0003449776689588995,100000.0
685,train,psts,1,ReLU-1,1,0.034414958643618467,100000.0
686,train,psts,1,ReLU-2,3,0.013459947751352303,10000.0
687,train,psts,1,ReLU-3,5,0.012553089312135574,1000.0
688,train,psts,1,ReLU-4,7,0.013523662824283605,1000.0
689,train,psts,1,ReLU-5,9,0.02534366307062557,10000.0
690,train,psts,2,Conv2d-1,0,0.020846518488890704,100000.0
691,train,psts,2,Conv2d-2,2,0.026764764804042718,100000.0
692,train,psts,2,Conv2d-3,4,0.024714477736033226,100000.0
693,train,psts,2,Conv2d-4,6,0.058123791090566666,100000.0
694,train,psts,2,Conv2d-5,8,0.05045395359392265,100000.0
695,train,psts,2,ReLU-1,1,0.032723913556479814,100000.0
696,train,psts,2,ReLU-2,3,0.039810490295441966,10000.0
697,train,psts,2,ReLU-3,5,0.05463503793255984,1000.0
698,train,psts,2,ReLU-4,7,0.07104437239757108,1000.0
699,train,psts,2,ReLU-5,9,0.08423601081911351,10000.0
700,train,psts,3,Conv2d-1,0,0.02654385016504397,100000.0
701,train,psts,3,Conv2d-2,2,0.03102376413105602,100000.0
702,train,psts,3,Conv2d-3,4,0.03642997812497771,100000.0
703,train,psts,3,Conv2d-4,6,0.05547425933686213,100000.0
704,train,psts,3,Conv2d-5,8,0.035825406039739105,100000.0
705,train,psts,3,ReLU-1,1,0.04843335327743611,100000.0
706,train,psts,3,ReLU-2,3,0.042696472033227774,10000.0
707,train,psts,3,ReLU-3,5,0.05638992920734461,1000.0
708,train,psts,3,ReLU-4,7,0.0633423921498707,1000.0
709,train,psts,3,ReLU-5,9,0.09184381845319486,10000.0
710,train,psts,4,Conv2d-1,0,0.0046099614932321046,100000.0
711,train,psts,4,Conv2d-2,2,-0.0026659684265945504,100000.0
712,train,psts,4,Conv2d-3,4,0.0018754574198507883,100000.0
713,train,psts,4,Conv2d-4,6,0.025297371399334766,100000.0
714,train,psts,4,Conv2d-5,8,0.034125585221480376,100000.0
715,train,psts,4,ReLU-1,1,-0.002792152802498047,100000.0
716,train,psts,4,ReLU-2,3,0.00989099491692419,10000.0
717,train,psts,4,ReLU-3,5,0.01487155202040763,1000.0
718,train,psts,4,ReLU-4,7,0.030480929754685783,1000.0
719,train,psts,4,ReLU-5,9,0.03753055552163487,10000.0
